Actual,Predicted,Probability
0,0,0.008857445563991801
0,0,0.3199285981088931
1,1,0.8289150475847638
0,0,0.13356512283183802
0,0,0.49186899945982326
0,1,0.5755965631267931
0,0,0.14509120934365924
0,1,0.8488579124769204
0,0,0.36978421397760713
0,0,0.0426228610474322
0,1,0.8402088579153529
1,0,0.45812387490405215
0,0,0.015956953856607337
0,0,0.11478600821663103
0,0,0.16542887351387056
0,1,0.5087779334600262
1,1,0.9540783019612055
0,0,0.0643244996013771
1,0,0.4941391993269205
1,1,0.5168840834499849
0,0,0.07868629898844728
0,0,0.0020942586640428397
0,1,0.5564504314006096
0,1,0.7520686672721776
0,1,0.9009175242352672
0,0,0.037302906461457674
0,0,0.014414138649896546
0,0,0.05740644973582158
1,1,0.7903938529996494
1,0,0.4206280940378572
0,0,0.38283322735042374
1,1,0.9360757338054989
1,0,0.11482896023967752
0,0,0.1914767760887257
0,0,0.38361902691595406
0,0,0.177425823239485
0,1,0.5260184857615223
0,1,0.6085765311434121
0,0,0.012962398175889147
0,0,0.020682081731007728
1,0,0.32835329667205604
0,0,0.010210851820459381
0,0,0.04237779364364152
0,0,0.01145360254604013
0,0,0.438541564513273
0,0,0.33807479627468917
0,0,0.16115716864160207
1,0,0.40496854635375373
1,1,0.9253812614688326
0,1,0.7157015105926647
0,0,0.22326213907801645
0,0,0.04591110912026032
1,1,0.8172261155507176
0,0,0.033381692771042595
0,0,0.3713118614042641
1,1,0.727496341389585
0,0,0.3274541978253553
0,1,0.6926776186614686
1,1,0.6348553658658564
0,1,0.7739892311139194
1,1,0.8369110944922322
0,0,0.12023741231744875
0,1,0.6262878120191627
1,0,0.031535580149264185
0,0,0.02546056617640826
0,1,0.6556369799601696
1,0,0.4251301640355476
0,0,0.010158383395794229
0,0,0.007935409856090364
0,0,0.017145904817126304
0,1,0.7613688273720348
0,0,0.014592992046712897
1,1,0.8156120089872232
0,0,0.0036257230440532888
1,1,0.5871803955503009
0,0,0.0042359203661581175
0,0,0.0833494229798286
0,0,0.00812393800988303
0,0,0.06298479948112673
0,0,0.4035711949122631
0,1,0.6372065421055102
0,0,0.47919664541833973
1,0,0.35439807063049
1,1,0.8451569013161492
0,1,0.6859291446757115
0,0,0.2233842202022239
0,0,0.02008422640106275
1,0,0.08622572049292099
0,0,0.00960260173623984
0,0,0.012374489187539894
0,0,0.342718238620637
0,0,0.05481956003893709
1,1,0.7622216277658563
0,0,0.11366633593970132
0,1,0.7486183306447829
0,0,0.008079907838025627
0,0,0.07419376334600725
0,0,0.4670615403149233
0,0,0.44445839618394706
0,0,0.0840842036044828
0,0,0.018871485828503513
1,0,0.49015177868728443
0,0,0.37104470155782193
1,1,0.5466569416121413
0,1,0.6645657458425995
0,0,0.0633321109518697
1,1,0.7166216648922763
0,0,0.10285374292831802
0,1,0.7551484597594047
0,0,0.06835226307868168
0,0,0.4181486474170078
0,0,0.006637313464302557
0,0,0.01503801910102701
0,1,0.8488329581901217
0,0,0.007200156116576616
0,1,0.7078943723140361
0,0,0.004524929803466351
0,0,0.04706448856175648
1,0,0.18614108619749647
0,0,0.01319582142083527
0,0,0.37310366469596123
1,1,0.8822491116021242
0,0,0.4093694831525939
0,0,0.008704960921665854
0,0,0.09728643729043157
1,0,0.30861209353173086
0,0,0.16505017381420312
0,0,0.08022581543899684
0,0,0.052438645492545045
0,0,0.0154572502390706
0,0,0.2904495354728896
1,1,0.6284033715017362
0,0,0.014697991930032355
1,0,0.2389286933958347
1,1,0.806441684778287
0,0,0.4123943960384813
0,0,0.025275467453856334
1,1,0.8615526449273383
0,0,0.3539002869004962
0,0,0.15315417238209528
0,0,0.018594014825805215
0,0,0.07233556260409292
0,1,0.5929522993369256
0,0,0.20731585890068596
1,1,0.769125972168804
0,0,0.10092991792393571
0,0,0.026361123926037174
0,1,0.7061026027461225
1,1,0.7769620146361659
1,1,0.7573496542082201
0,0,0.01621860076358262
0,1,0.8147942705005609
0,0,0.10399108750925018
0,0,0.022171819544605943
1,1,0.7245075469955539
0,0,0.21202962887606275
0,1,0.5097681383839544
0,0,0.42543292009722966
1,0,0.24510212307971582
1,0,0.31855235361646367
0,0,0.35665462886015453
0,0,0.32276417333413204
0,0,0.0074748101407576305
0,1,0.558973873059762
0,0,0.28366770969431465
0,0,0.0593373650880681
1,1,0.6076525498953105
1,0,0.4816503312879737
1,1,0.966259339670316
0,1,0.5338054109730572
1,1,0.880140371558252
0,0,0.11187711137996917
0,1,0.7002832344929623
0,0,0.037919242454154053
0,1,0.6516565160491145
1,1,0.7682327315675589
0,0,0.18776895901184087
1,1,0.8283446778226058
0,0,0.12662204507464417
0,0,0.13487053229563709
1,1,0.7350746012367808
1,1,0.5684639854418239
0,0,0.051638427978621795
0,1,0.8264770405039573
0,0,0.35144599575870705
0,0,0.033971553446701525
0,0,0.11415012480227923
0,1,0.612734470918
0,0,0.13293224342630006
1,1,0.8628541477166397
1,1,0.5527069484111266
0,1,0.7732867119586614
0,1,0.6449960695114525
0,0,0.05414072230549804
0,0,0.1190410346759911
0,0,0.2868294419885073
0,0,0.02928983256351485
0,0,0.20777225619019962
1,1,0.9076257690589459
0,0,0.014391437311186155
0,0,0.10490316479666104
0,0,0.22124864105870695
0,0,0.3029672181035244
0,0,0.06772699701237872
1,1,0.6419922984729477
0,1,0.7546681266087161
0,0,0.0074506574546860495
0,0,0.005524471416284576
1,1,0.732029493798615
0,0,0.3493832633839436
0,0,0.005976967525714184
0,0,0.049763448346921216
0,0,0.07547037448572814
1,1,0.8672169375080724
0,0,0.08173967667209416
0,1,0.685501907565735
0,0,0.0013949909300514372
0,1,0.7428742827533101
0,0,0.09695026419421227
0,1,0.6326195992694287
1,1,0.6163160059338665
0,0,0.13191736263986395
0,0,0.06572380216887239
1,1,0.6008262505851099
0,1,0.9251747412639206
0,0,0.11268927329704059
1,1,0.8493115403681969
1,1,0.7074600904451802
0,0,0.004003460619868915
0,1,0.7383067759343345
0,0,0.05188386908981611
1,1,0.7775775186896589
0,0,0.2344596709422449
0,0,0.08483698792735873
0,1,0.6129231925639369
0,1,0.8786244170602086
0,0,0.33895972878146496
0,0,0.06045127485067092
0,0,0.008945757985132976
0,0,0.3202369818506646
0,0,0.006340572129694586
0,0,0.4449979900586388
0,0,0.005592731954511119
0,0,0.16421252435392256
0,0,0.06245250643110886
0,0,0.28635082908321696
0,0,0.09142639844763822
0,0,0.007836303290129673
0,0,0.03919557729326284
0,0,0.2470022481423973
0,1,0.7249502739733947
0,0,0.01616135477688856
0,0,0.38601792466641344
1,1,0.8249769383903771
1,1,0.9537659880955607
0,1,0.6254736936892882
0,0,0.011037494908143056
0,1,0.6050355225742776
0,0,0.1975089972019193
0,0,0.03690924911690133
0,0,0.012682183529523106
1,1,0.7273077498336086
0,0,0.022413859886426656
0,0,0.16001938052497094
0,0,0.25381396668796996
0,0,0.031401745540400955
1,1,0.8964423144783977
1,0,0.49314325397878683
0,0,0.09595020492957325
0,0,0.009065065288805489
1,1,0.5675792880210625
0,0,0.15112458216786315
0,0,0.015594867773269292
0,0,0.03514990289520877
0,0,0.3713869618638102
1,0,0.12824964461162847
0,0,0.19197289123480077
0,0,0.001514906088159111
0,0,0.0058685147043749065
0,1,0.6154789843900029
1,0,0.4297245281416665
0,0,0.15694807909777736
0,1,0.7740623832159456
0,0,0.025347481142557
0,0,0.14259184766854216
1,1,0.766634015202185
0,0,0.02945104971154574
1,1,0.7101513247934933
0,0,0.2963457672941053
0,1,0.7128706772330514
0,0,0.2485272303979639
1,1,0.7171192623393456
1,1,0.7375859238061926
0,0,0.01113458717803666
1,0,0.4146939372769215
0,0,0.05134443062513479
0,0,0.2982750058138788
0,0,0.019059459122801697
0,0,0.007705916713617279
1,1,0.9210405284161302
1,0,0.08639817506735556
0,1,0.673165742415339
0,0,0.2653568214740445
0,1,0.7267548436764476
1,1,0.5498616281823436
1,0,0.25937626028189037
0,0,0.48689503939670653
1,1,0.8058445102640267
1,1,0.5675308055895106
0,0,0.12219774462641166
1,0,0.40122925267109244
0,0,0.039243729462066196
1,1,0.5242115957564529
0,0,0.08135740180650225
1,1,0.8786477682494822
0,0,0.016503481033361335
0,0,0.007893394997010961
0,1,0.7091925215360548
1,0,0.09492384875182788
0,0,0.04328706284010214
1,1,0.876908414321777
0,0,0.10865108096755273
0,1,0.6083795437949218
0,0,0.08806121759005936
0,0,0.16307011947775227
1,0,0.4436850115860688
0,0,0.0071593292140777805
0,1,0.7216774439599358
0,0,0.06751610607854107
0,0,0.07370055965322281
1,0,0.36369934434208423
0,0,0.18144701593530105
0,0,0.00160769104414202
1,1,0.8046474737287308
0,0,0.050256730754322805
1,1,0.8011471358561141
1,0,0.007716605961127589
0,0,0.12311902362794928
0,0,0.02514244741389258
0,0,0.011881897154812613
0,0,0.4222739530524621
0,1,0.6323498328758252
1,1,0.7842410590728988
0,1,0.764216795451564
0,0,0.03845241360829837
0,0,0.1327936264362175
0,0,0.02530876007485558
0,0,0.12795534892825278
1,0,0.2791897867319267
0,0,0.28812578826647867
0,0,0.0013026562367463776
1,1,0.8276608509411261
0,1,0.8443681470612386
0,0,0.113342232456079
0,0,0.34232394147897316
1,1,0.7029656664284357
1,0,0.4798916274350818
1,1,0.7475061035871353
1,1,0.5455727980260506
0,1,0.5597795380868039
1,0,0.4864586756929261
0,1,0.5811427113104745
0,0,0.07861150255970203
0,0,0.011437906646901683
0,0,0.06700540599353542
0,0,0.42284926533471207
0,0,0.2145183205058084
0,0,0.27037417041323786
0,0,0.18020339770173255
0,0,0.0621613080362174
0,0,0.4889977764058282
1,1,0.9066127037979144
0,0,0.4096013144306201
1,0,0.30721167793941534
0,0,0.41612323216396446
0,0,0.00859708672453891
0,0,0.14990359891184515
0,0,0.08549592316020242
0,0,0.04893293661594786
0,1,0.5962275535002152
0,0,0.020102321398101683
0,0,0.15329777629991598
0,1,0.5482045023029181
0,0,0.28975016499919426
1,1,0.6021182591665405
1,0,0.46026544392520224
1,0,0.45738473025398657
1,1,0.666031841854695
0,0,0.07101871910953982
0,0,0.14253953970831928
1,1,0.7139867051002287
0,0,0.15857134523845548
0,1,0.5601836777705141
0,0,0.3787510911928371
0,0,0.085432176659466
0,1,0.5222616427069501
0,0,0.22186085723681606
0,0,0.15614453981238052
0,0,0.3895278488624154
0,0,0.2501176981423841
1,0,0.15896095273258048
0,0,0.47076391416783986
0,0,0.1500369399086519
0,0,0.06092941270905693
0,0,0.06587918838476763
0,0,0.22805862734819904
0,0,0.00828969044672128
0,1,0.7264011626038918
0,0,0.002736971544764332
1,1,0.7656750245474246
1,0,0.2551663401527857
1,0,0.3656887019584358
1,0,0.36332340363300836
0,0,0.32430614842036803
0,1,0.6047262042885546
1,1,0.6295634068594573
1,0,0.43441997003009614
1,1,0.6527411935596643
0,0,0.04625397955605903
0,0,0.18995402802632452
0,0,0.26356887826853387
0,0,0.3474564269206077
1,1,0.9227524485293576
1,1,0.5439713373715979
0,0,0.0020517579764259015
0,1,0.6873029747089443
0,0,0.08653190224734546
1,1,0.5571927250935735
1,1,0.8179753867571188
0,1,0.7160091463516944
1,1,0.5657862830303507
0,1,0.7432427235076473
0,0,0.04623634005678614
1,0,0.04198739732429388
1,1,0.8507599006720084
0,0,0.25647531212942615
0,0,0.21304111014983537
1,0,0.23084143103167862
0,0,0.04857749998264421
0,0,0.139612496645891
1,1,0.6827010836724642
1,0,0.37672432182976834
0,0,0.17022352521652823
1,1,0.8776224395779282
0,0,0.4412944325556349
0,0,0.0291721659775745
0,0,0.292963597236151
0,0,0.04569707901650693
0,0,0.24961512439389918
0,1,0.7019464943892199
0,0,0.03166794652408528
1,1,0.6398222546472854
0,0,0.03422314922656542
0,0,0.4027621819422256
1,1,0.7050647686396136
0,1,0.6003567160424523
0,0,0.016288451951211775
0,0,0.40537376555441507
0,0,0.038292462272439015
0,0,0.384626722200996
0,1,0.5103202030225957
0,0,0.23835644555625607
1,1,0.6773031957349294
0,0,0.4905759188244278
0,0,0.43245178838492426
0,0,0.25495638265575116
0,0,0.2191364186774319
0,0,0.011622994527547108
0,1,0.7541836787111574
0,0,0.06278573522104765
1,0,0.46123281877201505
0,1,0.5114922383784554
1,0,0.23043956430991253
0,0,0.00287778112393859
0,1,0.6709079627216736
1,1,0.9536750985377526
0,0,0.21082229884699175
1,0,0.16738266818715508
1,0,0.2490187995925157
0,1,0.7227076976365301
0,0,0.41151389134141136
0,0,0.2594472796206258
0,0,0.01024882247327547
0,0,0.43434165824508514
0,0,0.3508846123011409
0,0,0.18039943547518442
0,0,0.005297539158473103
0,0,0.005539422993412674
0,0,0.04533413607552971
0,1,0.632888092045852
0,0,0.008372082255720361
1,0,0.20996196549851112
0,0,0.018663193508445294
1,0,0.1720246967934151
0,0,0.11250082415692235
0,1,0.7767929720543598
0,0,0.31566800294723973
0,0,0.2019289808721821
0,0,0.009720478241908909
0,0,0.1487635772342721
0,0,0.03546450509198659
0,1,0.57829527072352
0,0,0.06531566653231623
0,0,0.05523003324388598
1,0,0.4192274649677806
0,0,0.08276982751219206
0,0,0.39599202683727575
0,0,0.0680052149818011
0,1,0.5410567013273735
0,0,0.13080484233704762
0,0,0.02016149524717533
0,0,0.1286544543035281
0,0,0.2019588641697011
0,0,0.003912991277972018
0,1,0.8218749632155662
0,0,0.2621317363121936
0,0,0.020667549771523075
0,0,0.2719314421308833
1,1,0.6505835286209686
0,0,0.430213486075258
0,0,0.02522368438663517
1,1,0.8474337539254293
0,0,0.00310019615523213
1,1,0.7364472191402582
0,0,0.004257033901993223
1,1,0.7544042625726379
0,0,0.13402367415447933
1,1,0.8329362859744817
0,1,0.7956345678925324
0,0,0.36395631799216
0,0,0.04248576691780582
0,0,0.3091695959332981
0,0,0.10239652580718976
1,0,0.1988265342684813
0,1,0.5311264181026615
0,0,0.017592084567279596
1,0,0.4622394740125149
1,1,0.8223380577043798
1,1,0.7836785046409408
1,1,0.9411946028449409
0,0,0.24835361882879503
0,1,0.9439096130708302
0,0,0.16087915979501444
0,1,0.6380294241435609
1,0,0.12123545008021427
0,1,0.600096043537727
0,0,0.2585073911393649
1,0,0.20130396755233704
0,0,0.14986489116235935
0,0,0.0085430436430575
0,0,0.4832796404513202
0,1,0.546625721981227
0,0,0.06711585334494834
0,0,0.055572356280370556
0,0,0.25183642905230297
1,0,0.42120055366548564
0,0,0.013526689758431463
0,1,0.7766234821653226
0,1,0.6913604049885191
0,1,0.7455077059734413
0,1,0.6422817638368502
0,1,0.7537590534286243
0,0,0.037604249508655284
0,0,0.29046292517347216
0,0,0.001580565383587384
0,0,0.4677635335175195
0,0,0.2881131627242067
0,0,0.2294655008084498
0,0,0.05988398626363542
1,0,0.024488424588208827
0,0,0.1758449814026041
1,1,0.8162526822063403
0,1,0.5212176498733075
0,0,0.085496655061518
1,1,0.7220781541861591
0,0,0.030167526049603124
1,1,0.7513041900409066
0,0,0.4544862665519686
1,1,0.5893841455485971
1,1,0.8662674173381946
1,1,0.5920416248234144
0,0,0.3147289183142322
0,0,0.16184973755909435
0,1,0.603425958978652
1,1,0.6606529461984312
0,0,0.03668254073623216
0,0,0.3423802469823627
0,0,0.004114852828625427
1,0,0.33269548211972527
0,1,0.7841138662339503
1,0,0.48594050805197386
0,0,0.004754694996583697
0,0,0.012348876786163532
0,0,0.2356711796607887
0,1,0.8573741423616177
0,0,0.22407123574689425
0,1,0.7246079489945781
0,1,0.5914104066868174
0,0,0.027604010398640327
0,0,0.290974666163952
0,0,0.06396428411962837
0,1,0.6478544078627482
0,1,0.7732974111040537
0,1,0.6593276652695433
0,0,0.004441476212606197
1,1,0.7742585594864123
0,0,0.10711434155052098
1,1,0.563666559972456
0,0,0.032376297588932984
1,0,0.16626250671869358
1,1,0.7219592159568036
0,0,0.4034953611302693
0,0,0.03591957410477306
0,0,0.4224048611565421
0,0,0.05726701379240085
1,0,0.035231075289544236
0,0,0.04002226949146365
1,1,0.8164451288228147
0,1,0.7600336527025314
0,0,0.3987663419316286
0,0,0.283243944954683
1,0,0.2937575155302598
1,1,0.7397001701883251
0,0,0.03991370922835407
0,0,0.006056044388762862
0,0,0.07923174070251868
0,0,0.003995874707762436
0,1,0.5197416925801303
0,0,0.2662142306107983
0,0,0.05345984001523232
0,0,0.005479368724602779
0,0,0.24578553961252084
1,1,0.8422537634926954
1,1,0.7610476694619532
0,1,0.5526311669555081
0,0,0.013494595154681538
1,1,0.7577841621140498
0,0,0.023939785351850262
1,0,0.41557437930177277
1,1,0.7085204257922446
0,0,0.24440743501204698
0,0,0.14177152360927603
1,1,0.9194658067405768
0,0,0.052332402178967
1,1,0.8774828831593022
0,0,0.12188372680334866
0,0,0.09074285914242201
0,0,0.07596126153754622
0,0,0.026742029886750344
0,0,0.008262266411314513
0,0,0.017710797949976476
0,0,0.001690946768269992
0,0,0.0112759028515869
0,0,0.23011948994791603
1,1,0.6059074874545743
1,0,0.42165838887402995
0,0,0.05111303942482561
1,1,0.8118842284738927
0,0,0.1584453184358696
0,0,0.020041529939537193
0,0,0.36671596243707083
0,0,0.29298189689511833
0,0,0.003021159471549309
1,1,0.5692625741928752
1,1,0.516175149366662
0,0,0.46738862065607534
1,0,0.22119095950507314
0,0,0.1758825665074424
1,0,0.22976805839739609
0,0,0.15731704828322135
0,0,0.2644143151337856
0,0,0.0014136965951957376
0,0,0.05788657465097126
1,1,0.6021949705003435
1,0,0.35263664261324956
0,0,0.05324170004404658
1,1,0.7767699898711612
0,0,0.024113625036997485
1,0,0.13284910889518928
1,1,0.7255588986151609
1,1,0.8678355834269196
1,1,0.8972660535985701
0,0,0.040805842027024565
1,0,0.4710721102179264
0,0,0.023181407217634845
0,1,0.5573305882578787
0,0,0.06972132404651372
1,1,0.9101351922634184
0,0,0.3567156301405647
0,0,0.19959117596639347
1,0,0.2678006641961042
0,0,0.0025833800528922523
0,0,0.35248404666949024
1,1,0.5683675836723338
0,0,0.2623852838871365
0,0,0.14230881702714243
1,1,0.7861151079535044
0,0,0.1699852255673454
1,0,0.39864941156729267
1,1,0.7055557734448018
0,0,0.30741892136596727
0,0,0.1449004736384296
0,0,0.04569085008123133
1,0,0.33131630043935373
0,0,0.11849404016231141
0,0,0.002471093532027449
0,0,0.19469653741639856
1,0,0.2226726491804135
1,1,0.9352235131349381
0,0,0.04941617636702007
1,0,0.45362300190220084
0,0,0.1912232034245428
1,1,0.9163497623602547
0,1,0.5115841528767516
0,0,0.07976719310410842
0,0,0.14517705915220322
0,0,0.17190202319473283
0,0,0.11800884278846734
0,0,0.16039451609075964
0,1,0.5065104062409526
0,0,0.14036221994472148
1,0,0.3780423374809477
1,0,0.08575463945092338
0,0,0.09240115552596877
1,0,0.013094302656375541
1,1,0.7736387124516497
0,0,0.20151457187369826
0,0,0.163189000313908
0,0,0.06029606238653315
0,0,0.013570314225998713
0,0,0.3025089229418517
0,0,0.026725592914802507
1,1,0.6702614515518218
1,1,0.7765645102718589
0,0,0.06519393042149918
0,0,0.2038077016499952
0,0,0.14975432820961745
0,0,0.3980979270419623
0,0,0.006882805375592324
1,0,0.48327593894336573
0,0,0.013248497801740271
0,1,0.7753413869424602
0,0,0.4493639562334284
0,0,0.1250065710755381
0,0,0.4217129843414415
0,0,0.0037491615478046927
1,1,0.7468274918458795
1,0,0.20997110350375692
0,0,0.4376340352481455
1,1,0.7003861246581761
0,1,0.7606554520480574
0,0,0.2493176694710983
1,0,0.45529619237927355
1,1,0.9066082250321023
0,0,0.005273478802055826
0,0,0.27887315735027324
0,1,0.624181355725377
0,0,0.03090301073555215
0,0,0.061386111295904856
0,0,0.0043401442004049546
0,0,0.11961627565813228
0,1,0.7152641952342192
0,0,0.0817615692141425
0,0,0.17822283625924626
0,0,0.018807253733525747
0,0,0.08662905019793249
1,1,0.5685091502952914
0,0,0.0195229673770212
0,0,0.09540819381196229
0,0,0.007585014561035115
1,0,0.2556503676767598
0,0,0.02363753688075767
1,0,0.3306035188833017
1,1,0.7246563302781789
1,1,0.765098147037893
0,1,0.5650573554074322
0,1,0.7447706795011837
0,0,0.14581670861196605
0,1,0.5917979108734576
0,1,0.639366216489792
0,0,0.009643822960782159
0,1,0.7012248084789425
0,0,0.26884753613812445
0,0,0.3651887655049068
0,0,0.02740337158228475
0,0,0.10837758719125878
1,0,0.4950666745727527
0,0,0.0070281375108770736
0,0,0.010015654501093879
1,1,0.7626085502825823
0,0,0.25613902865130855
0,0,0.005577410455660455
0,0,0.0013357059641004474
0,0,0.003428391211077472
0,1,0.6603337375689351
0,0,0.04309864159520685
0,0,0.36005669487780084
0,0,0.0030839653653358732
0,0,0.20393967848662975
0,0,0.12491509958035568
0,0,0.19785075466559798
1,1,0.6775241284283393
0,0,0.21558558734461417
0,0,0.05396251631859151
0,0,0.2336454795257166
0,0,0.22288721154249802
0,0,0.24209271353814707
0,0,0.1321570454846507
0,0,0.33997216565388094
0,0,0.425041527614149
0,0,0.2031446698621039
1,1,0.7921741085039102
0,1,0.5430638164015223
0,0,0.072610878234092
0,0,0.07749664690553539
1,0,0.42433188040026004
0,1,0.7016594411379434
1,1,0.8374371372594372
0,0,0.14370338131643642
0,0,0.1213615983494681
0,1,0.5812710154754849
0,0,0.07248230252777059
0,1,0.930938758034472
1,1,0.7101286148742747
1,1,0.5266237433918495
0,0,0.0077126577073110434
0,0,0.17965726102883725
0,1,0.8200659254063551
1,1,0.9259799381917003
0,0,0.002729428779587071
1,1,0.5541608574457231
0,0,0.18552742874520178
0,1,0.5343995898659845
1,1,0.9485163695066664
0,0,0.4068038741144108
1,0,0.16908452919316852
1,1,0.561449986451813
0,0,0.08531986247616546
0,0,0.2939109954082521
0,0,0.19187861699973147
1,0,0.45226074433752245
0,1,0.6227056209488384
0,0,0.013299687339246816
0,0,0.07948413943318107
0,0,0.002490630169777877
0,0,0.36760779619337897
1,1,0.7553455985977747
1,0,0.36057751342445143
1,1,0.9141535523343911
0,0,0.42002457047523917
1,0,0.22955519448144193
0,0,0.09003634216339344
0,0,0.001995606987726252
0,0,0.14142142880869168
0,0,0.09927246961812625
1,1,0.9212299248450927
0,0,0.08298163192718543
1,1,0.9356512264203348
0,0,0.10593333020347996
0,1,0.872113173505286
0,0,0.4778813171455155
0,0,0.3981075029173654
0,1,0.8278199173775828
0,1,0.7128007774332978
0,0,0.007200443724253393
0,0,0.15090734998469593
1,1,0.9098178704813249
0,0,0.08334096913000222
0,0,0.274369128258697
1,0,0.06594307403939262
0,0,0.0074079027872955994
0,0,0.10698372927334761
1,0,0.2301649611698477
0,0,0.2997392198960584
1,1,0.6662587578299752
0,0,0.06084908694902494
0,1,0.6885802509368623
1,1,0.8324997383649887
0,0,0.08091969334941679
0,0,0.2101828702658824
0,0,0.08925582418491784
0,0,0.4915201147210724
0,0,0.006763431416745422
0,0,0.2111876655165809
1,1,0.5192732563834566
0,0,0.0961789862966386
0,0,0.46382605138082594
0,0,0.06387681365908952
0,1,0.6515969407327127
0,0,0.02439493157281874
0,0,0.2199670984578474
0,0,0.4948126881947292
1,1,0.877470138650219
0,0,0.128982873847849
0,0,0.23880179289957953
0,1,0.7314829425373699
0,1,0.7748713361450686
0,0,0.09800136716077049
0,0,0.016516586198789193
0,1,0.6511477011161714
0,0,0.026999539863553492
1,0,0.35921421182809754
0,1,0.5783876810982
1,1,0.9541172331846098
0,0,0.11771687023478519
1,1,0.7555067588642785
0,0,0.18816182807755374
0,1,0.5182239033163298
0,1,0.6848254394401455
0,0,0.017214055691726418
0,0,0.1450160564170056
0,0,0.04019082566976159
0,1,0.501483022041537
0,0,0.003731719739576622
0,0,0.1539896589213984
1,0,0.25211015846164037
0,1,0.7460937585982355
0,1,0.6212745992320446
0,1,0.6157494733923903
0,1,0.6861648427798981
0,0,0.004173512171235547
1,1,0.6678106682309438
0,0,0.41669513260579927
1,1,0.8019195485402052
0,0,0.2357356690111606
0,0,0.1529484311251636
0,0,0.0931876430170614
0,1,0.7189632276827951
1,0,0.47019525399586265
1,1,0.9141535523343911
0,0,0.013541499720651684
0,0,0.23719373720857206
0,1,0.5775381934577947
0,1,0.5749617770142713
0,0,0.1383172580570365
0,0,0.025215070578620442
0,0,0.10280621780837071
0,0,0.2679376243367732
0,0,0.005211509317578285
1,0,0.43505284691564944
0,1,0.8443534781739126
1,1,0.5295857452566068
0,0,0.06020615103424909
0,1,0.8205268560777889
0,0,0.15511186895719406
1,0,0.27984884494769924
1,1,0.9300874911262268
0,0,0.3676075709403468
0,0,0.12876240981540443
0,1,0.8288977046689507
1,0,0.46275110661814167
0,1,0.6035198716219864
0,0,0.13891032851263627
0,0,0.189206380259353
0,1,0.5823597963573909
0,1,0.7181907046978356
0,0,0.260678102828874
0,1,0.6481246928504908
0,0,0.2653836180123097
1,0,0.4837588131939233
0,0,0.3030019768790197
0,1,0.7334382803947409
1,0,0.4256688861227787
0,1,0.517772670579858
0,0,0.033041002785041525
1,1,0.644259600254659
0,0,0.049543849883385206
0,0,0.116211044419034
0,0,0.19167734925714305
0,0,0.1228151749065924
1,1,0.5783986115182925
0,0,0.12206591806370765
1,1,0.7263476647098794
0,0,0.4263336546216748
0,0,0.37608156216096555
0,0,0.11800647525722507
0,0,0.39362415029316156
0,0,0.012620944599636417
1,1,0.5895119052799184
1,1,0.8054400825930144
0,0,0.0020284928348471404
1,1,0.9250400030848196
0,1,0.6405162508824351
1,0,0.26437173934429753
0,0,0.17371355626774826
1,1,0.9190458491216208
0,1,0.662282571991752
1,1,0.8757424506765341
0,1,0.8112509992584482
0,0,0.46133979464657876
0,0,0.009849541091025728
0,0,0.44478693513380235
0,1,0.7367123328510202
0,0,0.4748164213018715
0,0,0.019632896688816858
0,0,0.016255635302169037
0,0,0.007331953883948392
1,0,0.04324083850246059
0,0,0.371047496043185
0,1,0.6489933396785306
0,0,0.018112951672891158
1,1,0.5288898938279369
1,0,0.10264955548067649
0,0,0.40072468423674146
0,0,0.3397202688135028
1,0,0.10862581055234383
0,0,0.1486339810147001
0,0,0.002917368235417891
0,0,0.1078850844245824
1,1,0.5546731815724385
1,0,0.46568422199794524
0,0,0.4016276159453415
0,0,0.005986437666233984
0,1,0.7703075784413811
0,1,0.6678794390150595
0,0,0.019960744051031317
1,1,0.7024103622229163
1,1,0.6225983123390728
0,0,0.39490537583293867
0,1,0.6052150490149697
0,0,0.2770353112920827
0,0,0.002655945335456614
1,1,0.7240819234948155
0,0,0.025698774833556183
0,0,0.054090871174358776
0,0,0.07637078854864607
1,1,0.9217768688132711
0,1,0.6064430398452976
1,1,0.5722539292544979
1,0,0.12295108052956116
1,1,0.7849740485258441
0,1,0.9096711512173329
0,0,0.4213425468437885
0,0,0.00495769095160786
1,1,0.6658036485537441
1,0,0.0894174085942089
0,0,0.03242107594469743
0,0,0.05866564011501093
1,1,0.8654572192851319
0,0,0.30615250930053867
1,0,0.3689325930088509
0,1,0.7636103886072785
0,0,0.3619188368518769
0,0,0.008232563800984576
0,0,0.29597504906246797
0,0,0.3695676115940234
1,0,0.2513389523236714
0,1,0.7608781287782125
0,1,0.7503462955246732
0,1,0.5112852265581018
0,0,0.024311977872534453
0,1,0.5878150186719915
0,0,0.4255040475371507
1,1,0.9356512264203348
0,0,0.22822804748475545
1,1,0.7570361097527417
1,0,0.26154057687969945
0,0,0.1534492910355958
0,0,0.006455047025460239
0,0,0.02861487722655649
0,0,0.38152830274353716
1,0,0.296443974013362
0,0,0.2869192421342937
0,0,0.02814881780287351
0,0,0.3963530765885819
0,0,0.06653899813307679
1,1,0.6251391291130755
0,0,0.004563135993100864
0,0,0.05994212687134953
0,0,0.01380097639157254
0,0,0.06323630620116513
0,0,0.0038627073339611096
1,1,0.7336268924187592
0,1,0.6555683905895379
1,0,0.4927097415214339
0,1,0.6959589211698095
1,0,0.273570828264393
0,0,0.009595895882161403
0,0,0.015787834747296548
0,0,0.03795870480743716
1,1,0.7866184326367796
0,1,0.6044687855056159
0,1,0.5635261994387712
0,0,0.0967014825320261
1,1,0.8616364842870695
0,0,0.0020308374743338515
0,0,0.023306029484134252
1,0,0.42703236902828495
1,1,0.8319316986497065
0,0,0.002062416083583902
0,0,0.14646979521409167
0,0,0.016618637238783027
0,0,0.001580565383587384
0,0,0.48494162925108114
0,0,0.011177222221623637
0,0,0.18118676954185833
0,1,0.8287985016324053
0,0,0.13151183864573587
0,0,0.393525868656136
1,1,0.7524621533160986
0,0,0.0735704411828427
1,1,0.5782894709543122
0,0,0.06390901214287142
1,0,0.3203283422486216
0,0,0.04535226922296347
0,0,0.04600902422195719
0,1,0.7393254036541974
0,0,0.310826686440152
0,0,0.061567758337551286
1,1,0.8641697669580058
0,1,0.6112597236028768
0,0,0.026255067600968553
0,1,0.9047176473898901
1,1,0.7011496637288995
0,0,0.2598473733864973
0,0,0.14876497940390115
0,0,0.1085946376740891
0,0,0.07745333526685752
0,0,0.29343104871551656
0,0,0.04815578828171199
0,0,0.29429545548086194
1,1,0.739519726430761
1,1,0.5869166293459471
0,0,0.14443269202773107
1,1,0.8309707574724184
0,0,0.3650283747435
1,1,0.7256815197665474
0,0,0.4633071823807626
0,0,0.049859440874822664
0,0,0.008952999035084726
0,0,0.32077677378011615
0,0,0.017682543639611036
1,0,0.0021867465672525802
0,1,0.7638869535193565
0,0,0.23476414337538554
1,1,0.9032172243794611
0,0,0.40597299445177343
1,1,0.6865582351079584
0,0,0.24575928965816124
0,0,0.3285401937041715
0,0,0.18299665409888421
0,0,0.4481803068835126
0,0,0.4420135850696786
0,0,0.17607663073434285
0,0,0.4240219936267576
1,1,0.8014862305130751
1,1,0.8172554960176096
0,0,0.06697699606087867
0,0,0.11446354925471022
0,0,0.004958049110509431
0,0,0.015132880888364675
1,1,0.8085361113011256
1,1,0.7528128165588701
0,0,0.010015334206001689
1,1,0.7350348275991265
0,0,0.0038627073339611096
1,1,0.9311991878005869
1,1,0.7802670063737783
1,0,0.08053804314884962
0,1,0.7209442978190874
0,0,0.15493468617948866
0,0,0.03103385833345568
0,0,0.003336677584489055
1,1,0.857904532245303
0,0,0.3645102429242095
1,1,0.7833223859267383
1,0,0.2938290635031743
0,0,0.45090727276026193
0,0,0.2698724548976422
0,0,0.4175422298751178
0,1,0.6678012766041437
0,0,0.03295395812894204
0,0,0.4671547731965762
0,0,0.45751031882775983
0,1,0.830572272516453
0,0,0.020374868956427438
0,0,0.006287904036283792
1,0,0.19393967897283176
0,0,0.007455167073936409
0,0,0.4519238108636381
0,0,0.2269277957524038
0,1,0.8752543480671291
0,0,0.12615940450433416
0,0,0.20843799646281613
0,0,0.007672576024196507
0,0,0.40729703895485037
1,1,0.5714161346610716
0,0,0.14811442884501194
1,1,0.7771325554667589
0,1,0.7588049922500241
0,0,0.007418534363907536
0,0,0.3600869008160153
0,0,0.009794546888995156
0,0,0.01613429999188106
0,0,0.026238695139837183
1,1,0.7412664961144487
1,1,0.7220979512413844
0,0,0.00958393752256617
0,0,0.2063324923281028
0,1,0.6571907946231496
0,0,0.0022433255202013148
1,1,0.8291420191660128
0,0,0.13536723997089184
0,0,0.45159321214640435
1,1,0.9600412923925197
1,1,0.8421367269840557
0,0,0.03544567780057335
0,0,0.2897260818437589
0,0,0.07603775268245079
1,1,0.7493386647674666
1,1,0.6729649840370839
1,1,0.6419197088677906
0,1,0.5558963596585736
1,1,0.6568890522478515
0,0,0.03182196717083475
0,0,0.037596664553193535
0,0,0.3690721634856176
0,0,0.04494051564722642
0,0,0.39433932996499604
0,0,0.15429854575839883
0,0,0.31366502533406676
1,1,0.5394475291735283
0,0,0.4792914972827187
0,0,0.02957739740685531
0,0,0.25903540051611473
1,1,0.9081166163975465
0,0,0.22188818136285224
0,0,0.05504604240473875
0,1,0.6461253657607884
0,0,0.033158393659991466
0,0,0.07760604115401956
0,0,0.2566217984442702
0,0,0.4264557143236826
1,1,0.5426287602485926
1,1,0.8687648083061924
0,0,0.0021073401497563376
0,0,0.002815635676138794
0,0,0.4127469779431299
0,0,0.008362501824181788
0,1,0.7548359619955066
1,0,0.33959176783034933
0,0,0.34140734675293843
0,0,0.1848613136190229
0,0,0.18153780906452474
1,1,0.5121310450032873
0,0,0.446593629732004
1,0,0.18981563904673085
1,1,0.6807553132945398
1,0,0.3210133475783564
0,0,0.448526673546524
1,1,0.6100352129594109
0,0,0.15098135355217376
0,1,0.7225229867994665
0,1,0.5080067331963878
0,0,0.46948181322622173
0,1,0.7706924136245423
0,0,0.041063200126851454
0,0,0.01297729182100537
0,0,0.003792080257780825
0,0,0.0012938914287906177
0,0,0.009294181953407732
0,0,0.10132422842981549
0,0,0.33726111743013754
1,1,0.8908580546066031
1,1,0.9047879387039298
0,0,0.07339231287010418
1,1,0.6638157100948626
0,0,0.18922772095164295
1,1,0.9210405284161302
0,0,0.4097234429253629
0,1,0.8447104804260686
0,0,0.44690592678761176
1,1,0.5154525699571478
0,0,0.007346680240265448
1,1,0.8062480990729588
0,0,0.26846963415576064
0,1,0.9536750985377526
0,1,0.910365859449647
0,0,0.13668914270174334
1,1,0.8532803204838281
1,1,0.6490081246825661
0,0,0.44262587977776396
0,0,0.33531256661703823
0,0,0.37647534202397176
0,0,0.2769563211192285
0,1,0.6579014837319754
0,0,0.024413932160643515
0,0,0.04882168188096347
0,1,0.692838413379556
0,1,0.5611400286866184
0,0,0.006077365394597608
0,0,0.1899857503509017
0,1,0.7460303971688605
0,0,0.21054878125086282
0,1,0.77839445512941
0,0,0.10169181844588618
1,1,0.8930602223913285
0,0,0.038697221928323075
1,1,0.851798803015245
1,1,0.6692682975113224
0,1,0.6397525317966168
1,1,0.8156961179835669
0,0,0.052782808910207625
0,1,0.6605606618321892
0,0,0.12907089977458933
0,1,0.6247725657397006
1,1,0.7091931637479125
0,0,0.4751374684764557
1,0,0.3124595308219253
0,0,0.4803237595535192
0,0,0.3304661551680495
1,1,0.6641179833590108
0,1,0.82075062739427
0,0,0.005578274400927861
1,0,0.26178340131951905
0,0,0.0035396121496680546
0,0,0.37587007914978743
0,0,0.31664782831012267
1,0,0.1413720165908801
0,0,0.017107842111988496
0,1,0.6653145519767198
0,0,0.2334116036300327
0,0,0.21053176072103685
0,0,0.04357340661907847
1,0,0.2807035586257403
0,0,0.05749259671162884
0,0,0.4477134858297766
0,0,0.229863903504434
1,0,0.4250992430872277
0,0,0.05344221292852594
0,0,0.013121010598328223
0,0,0.24953623730025498
0,0,0.0010431146536878282
1,1,0.732888465882895
0,1,0.7369415952532876
0,1,0.5591300798953887
0,0,0.197362775175958
0,0,0.027798192289419953
1,1,0.6681989934433578
1,0,0.11905256178242701
0,0,0.023383474987453304
0,1,0.6529799203271296
0,0,0.35026036663536
0,0,0.3272711407252963
1,1,0.8326924858965146
1,0,0.45784842297727013
0,0,0.21543052289792006
0,0,0.12886471082604783
0,0,0.17405708466472858
0,1,0.805576622551452
0,1,0.6142875611960652
0,1,0.7915428219107941
0,0,0.38568024902619086
0,0,0.1274381906844573
0,1,0.6425164193318404
1,0,0.3666367374086854
0,0,0.3399684167923261
0,0,0.10056818804398503
0,0,0.3144574020500922
0,0,0.3874896245403616
0,1,0.6984345128812599
1,1,0.8701740290592532
0,0,0.3668317612211585
0,0,0.051571128824226396
0,0,0.0010431146536878282
0,0,0.06272542130561903
0,0,0.33539018588017444
0,0,0.2930982360716662
1,0,0.3421483467607343
0,1,0.5400305034159513
0,0,0.011166383014425954
0,0,0.23447023084431098
1,0,0.3891330675235845
1,0,0.3299102238722538
0,0,0.009798158022254727
0,0,0.1332393608366883
1,1,0.9055564865729567
0,0,0.1025993508393777
0,0,0.023706837845643557
0,1,0.6235868989884179
0,0,0.4953087554703576
1,0,0.3077153496987421
0,0,0.05323445301953728
1,1,0.9231946831544857
0,0,0.24724598469015255
0,0,0.056298152752899455
0,0,0.08408717211162163
0,1,0.7151710519462905
0,0,0.4706046266004968
0,0,0.11169759820415726
0,0,0.03819242385409499
0,0,0.20399886970330278
0,0,0.3240550599257827
1,0,0.18603768218270492
0,0,0.012900889889862615
0,0,0.26287713908120464
0,0,0.4920935476717426
0,0,0.1648854844757555
0,0,0.49743527020657013
0,0,0.008418143389027972
0,0,0.004131697244395839
1,1,0.768841846334968
0,0,0.4778237595535192
0,1,0.8590056981123945
0,0,0.11893182350514238
0,0,0.19655031255192476
0,0,0.0009174940702051427
